,BlackMatter Headers,Company Name,Industry,Headquarters
0,LA-Martiniquaise,,,
1,BCP Securities,,,
2,CasagrandeGroup,,,
3,EQUITY TRANSPORTATION,,,
4,Actief-Jobmade,,,
5,Pramer Baustoffe GmbH,,,
6,Citrocasa GmbH,,,
7,Ellerboeck,,,
8,Eisvogel Hubert Bernegger GmbH,,,
9,"Pulmuone Co., Ltd.",,,
10,Trust Capital Funding,,,
11,crystalvalley,,,
12,Bumper to Bumper Autoparts,,,
13,Modern Testing Services,,,
14,River City Construction,,,
15,northwoods & spectrumfurniture,,,
16,Diamond Schmitt,,,
17,g-able.com,,,
18,Middleton Reutlinger,,,
19,tastefulselections & WFG,,,
20,Kaydon Corporation (SKF Group Brand) ,,,
21,Pine Labs Pvt,,,
22,Network Telecom / Enreach,,,
23,Network Telecom / Enreach,,,
24,hhcp.com,,,
